el borde,"edge, border, brink, verge, rim, margin",N,m,
contigo,with you ,Adv,,singular
la onda,wave ,N,f,on the surface of a liquid
fracasar," to fail, flop, lose",V,,intransitive
cargar, to load to put a load on or in a means of conveyance or a place of storage,V,,transitive
el golf,golf,N,m,
la ciencia,science,N,f,
acercar, to bring close,V,,transitive
la villa,small town,N,f,
el billete,"banknote, bill ",N,m,paper currency
el océano,ocean,N,m,
el camino,"way, route",N,m,
el episodio,episode ,N,m,installment of a drama told in parts
la maldad,badness; evilness,N,f,
la máscara,mask,N,f,
ilegal,"illegal, unlawful",Adj,,
"violento, violenta",violent,Adj,,
el/la terrorista,terrorist,N,m/f,
la cafetería,"café, coffee shop, coffeehouse",N,f,
opinar,to think; to be of the opinion,V,,
el apartamento,"flat, apartment",N,m,
"quinto, quinta", fifth,Adj,,ordinal number
la promesa,promise,N,f,
agradecer, to thank,V,,transitive
la lealtad,loyalty,N,f,
la excelencia,"excellency, brilliance",N,f,
el pastor,shepherd,N,m,
"griego, griega",Greek ,Adj,,from or native to Greece
la cuestión,"matter, question, issue",N,f,
el campamento,camping ,N,m,recreational activity
el túnel,tunnel,N,m,
la tina,vat,N,f,
la observación,observation,N,f,
modal,modal,Adj,,
el archivo,archive,N,m,
gigante,"giant, gigantic",Adj,,
involucrar, to involve,V,,transitive
relajar," to relax, to loosen",V,,transitive
la potencia,"power, potency",N,f,
el senado, senate,N,m,politics
la lógica,logic,N,f,
cobrar,to charge ,V,,"money, etc."
la existencia,existence,N,f,
huir,"to flee, to run away",V,,
el gobierno,government,N,m,
el diablo,devil,N,m,
urgente,urgent,Adj,,
la galaxia,galaxy,N,f,
el jersey,"sweater, pullover",N,m,
la solución,solution,N,f,
la poción, potion,N,f,beverage
la noticia,notice,N,f,
criminal,criminal,Adj,,
la mafia,Mafia ,N,f,Italian Mafia
molestar,"to bother, to disturb, to trouble, to impose, to inconvenience, to burden",V,,
"secundario, secundaria",secondary,Adj,,
uniforme,"uniform, even",Adj,,
la corea, chorea,N,f,pathology
la tripulación,"crew of a ship, plane, or other craft",N,f,
noble,noble,Adj,,
visual,visual,Adj,,
la vigilancia,"vigilance, watchfulness ",N,f,"the state or quality of being watchful; alertness, vigilance or wakefulness"
rondar,to patrol,V,,
básicamente,basically,Adv,,
la clave, key to a problem or puzzle,N,f,figurative
técnicamente,technically,Adv,,
sensible,sensitive,Adj,,
el metal,metal,N,m,
el volumen,volume ,N,m,a three-dimensional measure of space
cansar, to tire,V,,transitive
el dibujo,drawing,N,m,
"romano, romana",Roman ,Adj,,from or native to the city or empire of Rome
divertir, to entertain,V,,transitive
la mascota,pet,N,f,
el reporte,report,N,m,
el poema,poem ,N,m,literary piece written in verse
el/la nene, young child; kid; baby,N,m/f,colloquial
el instante,"instant, moment",N,m,
el respecto,"respect, regard, connection, relation, relationship",N,m,
el incendio,fire ,N,m,especially burning buildings or forests
la cabra,female goat,N,f,
el pelotón,"group, team",N,m,
callar,to calm,V,,
"tonto, tonta",stupid,Adj,,
el champaña,Alternative form of champán,N,m,
el refuerzo,reinforcement,N,m,
batir," to beat, to pound repeatedly",V,,transitive
móvil,mobile,Adj,,
el templo,temple ,N,m,a house of worship
informar, to inform,V,,transitive
fumar, to smoke to give off smoke,V,,intransitive
la terapia, therapy,N,f,psychology
"incluso, inclusa","enclosed, included",Adj,,
"lejano, lejana","far, faraway",Adj,,
enojar, to anger,V,,transitive
cazar,to hunt,V,,
el lanzamiento,launch ,N,m,act of launching
el demonio,"demon, devil",N,m,
la reputación,reputation,N,f,
la fábrica,factory,N,f,
talvez, Alternative form of tal vez,Adv,,Latin America
respirar,to breathe,V,,
social,social,Adj,,
la chica,female equivalent of chico: girl,N,f,
el lago,lake,N,m,
el divorcio,divorce ,N,m,the legal dissolution of a marriage
chistar,"to speak, normally in negation",V,,
la urgencia,urgency,N,f,
"hermoso, hermosa","gorgeous, beautiful, handsome, lovely",Adj,,
desagradable,"unpleasant, disagreeable, distasteful, off-putting, displeasing, unpleasing, bad, rude, unsavory, uncomfortable, unlikable, objectionable, painful, uncongenial, crappy, gnarly ",Adj,,US slang
velar,velar,Adj,,
"científico, científica",scientific,Adj,,
actual,"present, current",Adj,,
la llave,key ,N,f,to open doors
acaso,perhaps,Adv,,
resultar,"to result, to turn out, to end up, to prove",V,,
alemán,German ,Adj,,relating to Germany or to the German language
relacionar,to relate,V,,
caliente,"hot, warm ",Adj,,emitting heat or warmth
la pelota, ball a round or ellipsoidal object,N,f,sports
el beneficio,benefit,N,m,
representar,to represent,V,,
la estupidez,stupidity ,N,f,the property of being stupid
"exacto, exacta",exact,Adj,,
encargar, to entrust,V,,transitive
el tigre,tiger,N,m,
"submarino, submarina","submarine, undersea, subsea, underwater",Adj,,
aparentemente,apparently,Adv,,
cascar,"to crack, to split",V,,
la joya,"jewellery, jewelry",N,f,
"sincero, sincera","sincere, honest",Adj,,
la puta," whore, slut, prostitute",N,f,"derogatory, vulgar"
el ejército,army,N,m,
el fenómeno,phenomenon,N,m,
la aldea,village,N,f,
demandar,"to ask for something, request, beg",V,,"for something,"
adonde,"to where, whither",Adv,,
la bala,bullet,N,f,
el botón,button ,N,m,"clothing, mechanical"
enseguida,immediately,Adv,,
el arco,bow ,N,m,weapon
imaginar,to imagine,V,,
fingir,to pretend ,V,,to act as though something is different from what it is
el vistazo,"look, glance",N,m,
el agujero,hole ,N,m,hollow place or cavity
"estupendo, estupenda",stupendous,Adj,,
la colección,collection,N,f,
desnudar," to undress, strip",V,,transitive
mortal,deadly,Adj,,
el guante,glove ,N,m,hand-wear
el bombero,firefighter,N,m,
"sordo, sorda",deaf,Adj,,
la estatua,statue,N,f,
la lástima,pity,N,f,
ladrón,thievish,Adj,,
descuidar,to relieve from care,V,,
la circunstancia,circumstance,N,f,
el kilogramo,kilogram,N,m,
la prima,female equivalent of primo ,N,f,“female cousin”
alegre,"joyful, cheerful",Adj,,
la criatura,"creature living being, critter",N,f,"living being,"
adorar,to adore ,V,,both literally and in the context of love
arrestar,to arrest,V,,
el teniente,lieutenant,N,m,
el equipaje,luggage,N,m,
el incidente,incident,N,m,
leal,"adhering to the rules of propriety, fair, honest, loyal, true",Adj,,
la energía, energy,N,f,physics
el/la psiquiatra,psychiatrist,N,m/f,
la mama," mamma, breast",N,f,anatomy
la copia,copy ,N,f,a duplicate of an original
la galleta,cookie / biscuit,N,f,
"fantástico, fantástica",fantastic ,Adj,,existing in fantasy
el tono,tone,N,m,
el gobernador,governor,N,m,
el auxilio,"aid, help",N,m,
contentar, to please,V,,transitive
"curioso, curiosa","curious, inquisitive ",Adj,,person
el béisbol,baseball ,N,m,ballgame
el ánimo,"soul, spirit, mood",N,m,
mandar, to send,V,,transitive
la violencia,violence,N,f,
impresionar,to impress; to make an impression on,V,,
el/la internet,internet,N,m/f,
la compañera," equivalent of compañero  fellow, companion;  comrade;  colleague",N,f,female
techar,to shingle; to roof,V,,
el helicóptero,helicopter ,N,m,an aircraft that is borne along by one or more sets of long rotating blades which allow it to hover
prohibir," to forbid, prohibit, enjoin",V,,transitive
el palo,"stake, stick, wood",N,m,
donde," where, in what place",Adv,,in indirect questions
el robot,robot,N,m,
el láser,laser,N,m,
la pata,"paw, foot, leg ",N,f,of an animal
la maldición,curse,N,f,
la niñera,babysitter ,N,f,female
el lobo,wolf,N,m,
"payaso, payasa",clownish; buffoonlike,Adj,,
el cabrón,billy goat,N,m,
la cicatriz, scar,N,f,skin
el champán,champan,N,m,
el talento,talent,N,m,
satisfacer," to satisfy, fulfil / fulfill",V,,transitive
la miss,"Miss, beauty queen ",N,f,winner in a female beauty contest
fiscal,fiscal,Adj,,
"pasajero, pasajera","transient, passing",Adj,,
detrás,"behind, at the rear",Adv,,
la abra,"small bay, inlet",N,f,
"extraordinario, extraordinaria",extraordinary,Adj,,
la ganancia,"profit, gain, earnings",N,f,
extra,"additional, extra",Adj,,
"bienvenido, bienvenida",welcome,Adj,,
el cabello,hair ,N,m,the mass of hairs on the head
mover, to move to cause to change place or posture,V,,transitive
el pene, penis,N,m,anatomy
el trago,gulp,N,m,
la fama,reputation,N,f,
"judío, judía",Jewish,Adj,,
la perra,female equivalent of perro ; bitch,N,f,“dog”
retirar,to remove,V,,
la vacación,"vacation, holiday",N,f,
besar,to kiss,V,,
el/la detective,detective,N,m/f,
el/la guardaespaldas,bodyguard,N,m/f,
quizás,"maybe, perhaps",Adv,,
"absoluto, absoluta",absolute,Adj,,
la defensa,defense,N,f,
"lindo, linda",pretty,Adj,,
"directo, directa","direct, straightforward",Adj,,
aburrir, to bore; to tire,V,,transitive
"bravo, brava","angry, furious",Adj,,
rescatar,to rescue,V,,
adónde," to where, whither, whereto",Adv,,interrogative
el obispo,bishop,N,m,
la lana,wool,N,f,
"apropiado, apropiada","appropriate, suitable",Adj,,
la primera,first gear ,N,f,lowest gear in a motor vehicle
el piano, piano,N,m,music
el satélite,satellite,N,m,
proponer,"to propose, to propound, to put forth, to put forward, to bring forward, to suggest",V,,
arriba,"above, over",Adv,,
"digno, digna",worthy,Adj,,
el/la colega,colleague,N,m/f,
militar,military,Adj,,
barrer, to sweep,V,,transitive
la química,chemistry ,N,f,the branch of science concerned with the composition of substances
el asesinato,assassination,N,m,
la traducción,translation,N,f,
agradar,"to please, to agree with",V,,
celular,cellular,Adj,,
la civilización,civilization,N,f,
el instinto,instinct,N,m,
"usado, usada",used,Adj,,
la paga,payment,N,f,
el mueble,a piece of furniture,N,m,
despedir,to dismiss,V,,
el/la representante,representative,N,m/f,
el armario,"cupboard, storage cabinet, wardrobe",N,m,
la multitud,multitude,N,f,
"grandioso, grandiosa",great,Adj,,
el diamante,diamond,N,m,
la hamburguesa,hamburger,N,f,
el distrito,district,N,m,
saludar,to greet,V,,
largar,to chase away,V,,
el tubo,tube,N,m,
convencer,to convince,V,,
la federación,federation,N,f,
el tabaco,tobacco,N,m,
la conspiración,conspiracy,N,f,
la superficie,surface,N,f,
el conde,"count, earl ; countess in the feminine sense",N,m,nobility
la comisión,committee,N,f,
el escritor,writer,N,m,
coger," to take, catch, hold, to get, to seize",V,,"Colombia, Cuba, Dominican Republic, Peru, Philippines, Puerto Rico, Spain"
esposar," to handcuff, manacle",V,,transitive
el pecado,sin,N,m,
el rollo,roll,N,m,
secuestrar,"to kidnap, to abduct",V,,
la felicitación,congratulation,N,f,
la medianoche,midnight,N,f,
confidencial,confidential ,Adj,,"kept, or meant to be kept, in secret"
la prisión,prison ,N,f,"a place or institution of confinement, especially of long-term confinement for those convicted of serious crimes or otherwise considered undesirable by the government"
el cargo,"charge, burden",N,m,
la tormenta,"storm, thunderstorm, lightning storm",N,f,
el alguacil,bailiff,N,m,
osar, to dare,V,,intransitive
el anuncio,announcement,N,m,
la cocaína,cocaine,N,f,
la objeción,objection,N,f,
la electricidad,electricity,N,f,
precisamente,precisely,Adv,,
el circo,circus ,N,m,a travelling company of performers
el esclavo,slave,N,m,
montar,to mount,V,,
la eternidad,eternity,N,f,
el modelo,model ,N,m,a successful example to be copied
"clínico, clínica",clinical,Adj,,
esforzar, to encourage,V,,transitive
hechizar, to enchant,V,,transitive
el globo,balloon,N,m,
el acto,act ,N,m,something done
la muerte,death ,N,f,the cessation of life
la camioneta,pick-up truck,N,f,
la asociación,association,N,f,
el plan,plan,N,m,
"preso, presa",imprisoned,Adj,,
"porno, porna", porno,Adj,,colloquial
encender,"to light, ignite",V,,
el baúl,"chest, trunk, footlocker, steamer trunk",N,m,
el condado,county ,N,m,land ruled by a count or countess
el paraíso,paradise,N,m,
"anciano, anciana", elderly,Adj,,of a person
el través," bend, turn",N,m,uncommon
la mala,female equivalent of malo,N,f,
discutir,"to discuss, to argue; to talk about",V,,
el naranjo,orange tree,N,m,
la diferencia,difference,N,f,
la declaración,statement,N,f,
el embargo,embargo,N,m,
"sentado, sentada",seated,Adj,,
afuera,"out, outside",Adv,,
ayudante,auxiliary,Adj,,
el hígado, liver,N,m,anatomy
"trasero, trasera","back, back-side, rear-side, posterior",Adj,,
el maquillaje,makeup,N,m,
"correcto, correcta","correct, right",Adj,,
la habilidad,"ability, skill",N,f,
explotar,to exploit,V,,
semejante,similar,Adj,,
la probabilidad,probability,N,f,
la profesora,female equivalent of profesor ,N,f,“teacher”
la recepción,reception,N,f,
culpable,"guilty, culpable",Adj,,
rogar," to beg, entreat, implore something",V,,"transitive, intransitive"
el registro,"registration, record",N,m,
la jovencita,female equivalent of jovencito; young lady,N,f,
"efectivo, efectiva",effective,Adj,,
la magia,magic,N,f,
socorrer,"to assist, to help, to succor, to aid",V,,
"cercano, cercana","near, nearby, close",Adj,,
"fabuloso, fabulosa"," fable, myth, legend; fabulous of or relating to fable, myth, or legend",Adj,,relational
la molestia,"trouble, nuisance, inconvenience, bother",N,f,
el miembro,member ,N,m,one who belongs to a group
retar,"to defy, challenge",V,,
la seguridad,"safety, security",N,f,
el comando,commando,N,m,
paciente,patient,Adj,,
"físico, física",physical,Adj,,
la hada,fairy,N,f,
detestar,"to detest, to loathe, to abominate",V,,
inocente,innocent,Adj,,
el anillo,ring,N,m,
cual," like, as, in the manner of",Adv,,"formal, literary"
el rastro,"sign, trace, vestige, scent",N,m,
el cristal,crystal,N,m,
el expediente," case, file",N,m,law
la impresión,impression,N,f,
"frito, frita",fried,Adj,,
la línea, line a straight path through two or more points,N,f,mathematics
el hierro,iron ,N,m,chemical element
el entrenamiento,"training, workout",N,m,
el revés,"back, reverse side",N,m,
cazador,hunting,Adj,,
el ministro,minister,N,m,
"dicho, dicha","mentioned, said, aforementioned",Adj,,
alegrar, to make happy,V,,transitive
"interno, interna",internal,Adj,,
alfombrar, to carpet,V,,transitive
el procedimiento,procedure,N,m,
anterior,"anterior in time, previous, earlier, former, past",Adj,,"in time,"
la justicia,justice,N,f,
"bastardo, bastarda",bastard,Adj,,
el vendedor,salesman,N,m,
desarollar,Misspelling of desarrollar. ,V,,to develop
miserable,miserable,Adj,,
"atractivo, atractiva",attractive,Adj,,
el brindis,toast ,N,m,"e.g., to one’s health"
"mágico, mágica","magic, magical",Adj,,
la data,date ,N,f,point of time at which a transaction or event takes place
la residencia,residence ,N,f,time spent living
imbécil," dumb, having the properties of an imbecile",Adj,,offensive
últimamente,"recently, lately",Adv,,
el acero,steel,N,m,
la confesión,confession,N,f,
el rostro, face the front part of the head,N,m,anatomy
cercar," to corral, fence, fence off",V,,transitive
tumbar," to knock over, tip make fall",V,,transitive
pulsar,to press ,V,,"a button, etc."
la enfermera,female equivalent of enfermero ,N,f,“nurse”
la gravedad,"seriousness, severity",N,f,
mutante,mutant,Adj,,
"soltero, soltera","single, unmarried",Adj,,
contratar,"to contract, to take on",V,,
la coincidencia,coincidence,N,f,
enamorar, to enamor,V,,transitive
el siglo,century,N,m,
pintar, to paint to apply paint to,V,,transitive
el misterio,"mystery, mysteriousness",N,m,
la alianza,alliance,N,f,
la política,politics ,N,f,activities associated with running a government or organisation
"rudo, ruda","rude, rough, crude, rugged",Adj,,
la autoridad, authority the power to enforce rules or give orders,N,f,uncountable
la alteza,highness ,N,f,the state of being high
"equivocado, equivocada","mistaken, wrong",Adj,,
la invitación,invitation,N,f,
prometer,to promise,V,,
despejar,"to clear, to remove",V,,
desgraciar,to disgrace,V,,
la consecuencia,consequence,N,f,
enterrar,to bury; to entomb,V,,
la teoría,theory,N,f,
la explosión,"explosion, blast, bang, burst, boom",N,f,
la atmósfera,atmosphere,N,f,
el carro,cart,N,m,
la responsabilidad,"responsibility, responsibleness",N,f,
tornear, to turn as on a lathe,V,,transitive
civil,civil ,Adj,,all senses
charlar," to chat, to chatter, to chitchat",V,,intransitive
apestar, to stink,V,,intransitive
la secretaria,female equivalent of secretario ,N,f,“secretary”
el estado,"country, land ",N,m,any broad area or territory
"favorito, favorita",favorite,Adj,,
moral,moral ,Adj,,relating to right and wrong
la raza,"race, ethnicity",N,f,
peligrar,to be in danger,V,,
la veras,truth; reality,N,f,
el cometido,mission,N,m,
la nueva,"news, novelty",N,f,
"tremendo, tremenda",tremendous,Adj,,
"serio, seria","serious, earnest, sober, solemn ",Adj,,without humor
"robado, robada",stolen,Adj,,
el apellido,"surname, last name",N,m,
atacar," to attack, to come at",V,,"transitive, intransitive"
"contrario, contraria","contrary, opposite",Adj,,
el oxígeno,oxygen,N,m,
el emperador,emperor,N,m,
la autorización,authorization,N,f,
pegar, to stick,V,,intransitive
cosechar,to harvest,V,,
"remoto, remota","remote, far-flung, ",Adj,,at a distance
indicar,"to indicate, signal, designate",V,,
"explosivo, explosiva",explosive,Adj,,
alegro,first-person singular present indicative of alegrar,V,,
apreciar, to appreciate to view as valuable,V,,transitive
el turno,turn chance to use  shared in sequence with others,N,m,something
"izquierdo, izquierda",left; on the left side or toward the left; the opposite of right,Adj,,
la formación,formation,N,f,
adorable,adorable,Adj,,
la fila,"line, row, rank, file",N,f,
ojalá,hopefully ,Adv,,I hope that
funeral,"funerary, funeral",Adj,,
cumplir,"to fulfil, to fulfill, to meet, to deliver ",V,,"e.g., requirements, prerequisites, promise, vow"
durar,to last,V,,
la teta,"boob , tit slightly vulgar, breast",N,f,colloquial
la clara,the white ,N,f,of an egg
el detalle,detail,N,m,
"mentiroso, mentirosa",having the qualities of a liar,Adj,,
la resistencia,resistance,N,f,
el lord,lord ,N,m,British title
embarazar," to impregnate, make pregnant",V,,transitive
el trono,throne,N,m,
el infarto,"heart attack, myocardial infarction",N,m,
"horario, horaria",hourly,Adj,,
el fotógrafo,photographer,N,m,
enfrentar,"transitive, reflexive to confront, to face, to stand up to, a person or force aggressively",V,,"transitive, reflexivea person or force aggressively"
la identificación,identification,N,f,
el vale,a voucher; an IOU,N,m,
el cirujano,surgeon,N,m,
contactar," to contact, to reach out to",V,,transitive with con
el asco,disgust,N,m,
la ubicación,position; location,N,f,
la misericordia,misericord,N,f,
el núcleo,nucleus,N,m,
el repente,"attack, upsurge",N,m,
aparte,"separate, apart",Adj,,
la generación,generation,N,f,
la prisa,"hurry, rush, urgency",N,f,
perdedor,losing,Adj,,
la porquería,"crap, trash, filth, junk, rubbish",N,f,
la fusión,fusion,N,f,
el delito,crime; offense,N,m,
almorzar, to eat lunch,V,,intransitive
"asesino, asesina","murderous, homicidal ",Adj,,"intending, or likely to commit murder"
virgen,virgin,Adj,,
"celoso, celosa",jealous,Adj,,
juntar," to combine, unite",V,,transitive
la venganza,vengeance,N,f,
temporal,temporal ,Adj,,of or relating to time
el suicidio,suicide ,N,m,the act of killing oneself
la tragedia,"tragedy, catastrophe",N,f,
la oscuridad,darkness,N,f,
arañar, to scratch,V,,transitive
la advertencia,warning,N,f,
el video, Alternative form of vídeo,N,m,Latin America
devolver,"to return, refund, restore, give back, hand back, bring back, send back etc.",V,,
sincronizar," to synchronize, to sync",V,,transitive
conversar," to talk, converse",V,,intransitive
inconsciente,unconscious,Adj,,
el cartel,"poster, placard, bill, banner",N,m,
enterar, to inform,V,,transitive
la guitarra,guitar,N,f,
casar," to marry, wed someone to unite two others in wedlock",V,,transitive
"esperado, esperada",expected,Adj,,
progresar,to progress,V,,
el rifle,rifle,N,m,
aguantar,"to hold, withhold, hold back, retain ",V,,"breath, urine"
el maricón," homosexual man, queer, faggot, fairy, effeminate man or boy, sissy",N,m,"derogatory, vulgar"
investigar,to research,V,,
"alternativo, alternativa",alternative,Adj,,
la colina, hill,N,f,geography
la campaña,campaign,N,f,
global,global ,Adj,,concerning all parts of the world
la fiebre,fever,N,f,
proteger,"to protect, to defend",V,,
el círculo,circle,N,m,
la heroína,heroine,N,f,
la debilidad,"debility, weakness",N,f,
la compasión,compassion,N,f,
el experimento,experiment,N,m,
"listo, lista","clever, smart ",Adj,,with ser
la munición,ammunition,N,f,
la voluntad,"will, wish, want, desire",N,f,
el hoyo,hole,N,m,
el veneno,poison ,N,m,substance that is harmful or lethal to a living organism
tardar,to delay,V,,
estable,stable,Adj,,
la corporación,corporation,N,f,
el punto,point ,N,m,"a specific spot, location, or place"
el premio,"prize, award ",N,m,honour or reward
rayar,"to scratch, gouge",V,,
oficialmente,officially,Adv,,
cruel,"cruel, mean",Adj,,
terminal,"final, last",Adj,,
apostar, to bet,V,,transitive
fiel,"faithful, true",Adj,,
la juventud,youth,N,f,
el garaje,garage ,N,m,domestic storage for a car or motor repair facility
el heredero,heir,N,m,
la piedad,piety,N,f,
privar, to deprive,V,,transitive
el nervio,nerve,N,m,
pecar,to sin,V,,
regalar,"to give as a present, to gift",V,,
la persecución,persecution,N,f,
significar,to signify,V,,
el congreso,congress,N,m,
el pantano,"swamp, marsh",N,m,
pequeña,feminine singular of pequeño,Adj,,
alerta,"alert, vigilant",Adj,,
central,central,Adj,,
"sabio, sabia",learned,Adj,,
verdaderamente,truthfully,Adv,,
la visita,visit,N,f,
la placa,plate,N,f,
la tontería,something that is dumb,N,f,
la gloria,glory,N,f,
la sentencia,sentence,N,f,
la busca,search ,N,f,an attempt to find something
el deporte,sport,N,m,
"pacífico, pacífica",peaceful,Adj,,
apurar," to drain, use up completely",V,,transitive
imponer,"to impose, impress",V,,
"poderoso, poderosa",powerful,Adj,,
el resto,"rest, remainder",N,m,
la bruja,"witch, sorceress ",N,f,woman who practices witchcraft
gritar,"to shout, to scream, to cry out, to call out",V,,
el club,club ,N,m,association
la lección,lesson ,N,f,a section of learning or teaching
impresionante,impressive,Adj,,
celebrar,to celebrate,V,,
cuán,accented form of cuan ,Adv,,used when interrogative or exclamatory
la batalla,battle,N,f,
"medio, media",half ,Adj,,of or related to one of two equal divisions of a whole
podar,to prune,V,,
la gallina,hen,N,f,
el caos,chaos,N,m,
el bingo,bingo ,N,m,game
"eterno, eterna",eternal,Adj,,
el motel,motel,N,m,
gratis,"free, without charge",Adj,,
acordar, to agree,V,,intransitive
el muchacho,boy,N,m,
el callejón,"alley, side street",N,m,
el método,method,N,m,
el vidrio,glass,N,m,
refugiar," to shelter, to provide shelter for",V,,transitive
el escudo,shield,N,m,
el héroe,hero,N,m,
claramente,clearly,Adv,,
la basura,"trash, waste, garbage, rubbish, nonsense",N,f,
"plástico, plástica",plastic ,Adj,,constructed of plastic
"pagado, pagada",paid,Adj,,
bastar, to be enough; to suffice,V,,intransitive
"ridículo, ridícula",ridiculous,Adj,,
"malvado, malvada","evil, wicked, mean, bad",Adj,,
la maravilla,"wonder, marvel",N,f,
"vaquero, vaquera",cowboy,Adj,,
la nena,female equivalent of nene; baby girl,N,f,
la princesa,princess,N,f,
la biblia,bible ,N,f,a comprehensive manual that describes something
el escuadrón,squadron,N,m,
la crisis,crisis,N,f,
basar,to base on,V,,
la secuencia,sequence,N,f,
emplear," to hire, to employ to give someone a job",V,,transitive
reír, to laugh,V,,"transitive, reflexive"
la pastilla,pill,N,f,
la fortaleza,fortress,N,f,
el dato,datum ,N,m,a single piece of information
la marihuana,marijuana,N,f,
"aniversario, aniversaria", annual; yearly,Adj,,rare
el taxi,taxi,N,m,
el gimnasio," gym, gymnasium a room or building equipped for indoor sports",N,m,exercise
cometer, to commit,V,,transitive
la morfina,"biochemistry, pharmacology morphine opioid used as an anaesthetic or recreational drug",N,f,"biochemistry, pharmacologyopioid used as an anaesthetic or recreational drug"
ocultar," to hide, to conceal",V,,transitive
apartar," to separate, to divide",V,,transitive
nuclear,nuclear,Adj,,
asegurar, to secure to make fast; to close or confine effectually,V,,transitive
la derrota,defeat,N,f,
la droga,drug,N,f,
el bordo," side, board",N,m,nautical
el límite,"limit, threshold, cutoff, cut-off",N,m,
desfilar, to parade,V,,intransitive
la autopista,"motorway, freeway",N,f,
la pandilla, gang,N,f,collective
sospechar,to suspect,V,,
penar, to punish,V,,transitive
la libertad,"liberty, freedom",N,f,
horrible,horrible,Adj,,
el cementerio,cemetery,N,m,
el papi, daddy father,N,m,colloquial
la fantasía,fantasy,N,f,
el desorden,disorder,N,m,
antecedente,precedent,Adj,,
,Misspelling of samurái.,N,,
la graduación,graduation,N,f,
el lentes,eyeglasses,N,m,
el pozo,well ,N,m,hole in the ground as a source of water or other fluids
"contento, contenta",content,Adj,,
cuan," how, to what extent",Adv,,dated
la alta, certificate of discharge from a hospital,N,f,medicine
adentro,inside ,Adv,,especially implying a motion into
asesinar, to murder,V,,transitive
el carajo, penis,N,m,vulgar
el/la pirata,pirate ,N,m/f,person who commits robbery at sea against other ships
el/la dentista,dentist,N,m/f,
el cheque,"cheque, blank cheque",N,m,
francamente,frankly,Adv,,
el quirófano,operating room,N,m,
el sitio,"site, place",N,m,
personalmente,personally,Adv,,
invisible,invisible,Adj,,
la época,"epoch, era, age, time, day",N,f,
la muchacha,"female equivalent of muchacho; girl, young lady",N,f,
quejar,"only used in se ... quejar, syntactic variant of quejarse",V,,
general,"general, overall",Adj,,
suceder,"to happen, to befall, to occur",V,,
el cuento,story,N,m,
el inspector,inspector,N,m,
practicar, to practice,V,,transitive
agachar,to lower,V,,
extrañar, to miss someone or something,V,,transitive
la nieve,snow,N,f,
la estructura,structure,N,f,
el estacionamiento,parking ,N,m,the action of the verb to park
confundir," to confuse, to throw off, to baffle, to perplex",V,,transitive
"preciso, precisa",precise,Adj,,
elegante,"elegant, graceful",Adj,,
fallar, to fail,V,,transitive
atrapar,to capture,V,,
revisar,to revise,V,,
acusar," to accuse, charge, indict",V,,transitive
la organización,organization,N,f,
el proyecto,"project, plan",N,m,
"falso, falsa",false; untrue,Adj,,
el director,director,N,m,
la república,republic,N,f,
el terror,horror ,N,m,genre
el sheriff,sheriff ,N,m,all senses
"asqueroso, asquerosa","disgusting, repulsive, gross, distasteful",Adj,,
la cirugía,surgery,N,f,
el sacrificio,sacrifice,N,m,
"humano, humana",human,Adj,,
fatal,fatal,Adj,,
el truco,trick,N,m,
sonar," to sound, to ring",V,,intransitive
la niebla,fog ,N,f,a thick cloud that forms near the ground
el tiburón,shark,N,m,
crecer,to grow,V,,
"paso, pasa",dried ,Adj,,said of fruit
quedar, to be as a result of something,V,,intransitive
la docena,dozen,N,f,
el daño,damage,N,m,
admitir,"to accept, to admit, to agree to, to concede",V,,
la plataforma,platform ,N,f,a raised stage used for speeches and performances
el bolso,purse,N,m,
la instrucción,instruction,N,f,
cantante,"who sings, singing",Adj,,
la coca,coca ,N,f,"any of the four cultivated plants which belong to the family Erythroxylaceae, native to western South America"
el subtítulo,"subtitle, subhead, subheading ",N,m,a heading below or after a title
la actitud,"posture, pose, stance",N,f,
la transmisión,"broadcast, transmission",N,f,
la huella,footprint ,N,f,impression of the foot in a soft substance
sexual,sexual ,Adj,,pertaining to the sex of an organism
sonreír, to smile,V,,intransitive
enfadar,"to anger, to make angry",V,,
"centavo, centava", hundredth,Adj,,fractional number
"sagrado, sagrada","holy, sacred",Adj,,
avisar," to tell, tip off, notify, inform",V,,transitive
asustar," to scare, to frighten, to spook",V,,transitive
dañar," to damage, to harm, to hurt, to injure",V,,transitive
la vergüenza,shame,N,f,
espacial,spatial ,Adj,,pertaining to the dimension of space
la hambre,hunger,N,f,
la embajada,embassy,N,f,
"reverendo, reverenda","reverend, revered",Adj,,
causar,"to cause, to make",V,,
"extremo, extrema","extreme, dire",Adj,,
el trozo,piece,N,m,
tranquilizar," to calm, calm down",V,,transitive
cobarde,"cowardly, craven, gutless, spineless, dastardly",Adj,,
"roto, rota",broken,Adj,,
castigar,"to punish, to castigate ",V,,to cause to suffer for crime or misconduct
pelear, to fight to contend in physical conflict,V,,intransitive
el pasaje,"passing, crossing",N,m,
cruzar,to cross ,V,,including of legs
obviamente,obviously,Adv,,
el cañón, canyon,N,m,geography
el patrón,patron,N,m,
la paciencia,"patience, forbearance ",N,f,the quality of being patient
el vecindario,neighbourhood,N,m,
pasear," to stroll, to saunter, to promenade",V,,intransitive
valiente,"brave, courageous,  fearless",Adj,,
el análisis,analysis ,N,m,decomposition into parts
"absurdo, absurda","absurd, preposterous, ludicrous, ridiculous",Adj,,
el asiento,seat,N,m,
la capa,"cloak, cape ",N,f,a sleeveless garment hanging from the neck
la traición,treason,N,f,
la evidencia,evidence,N,f,
soler," to be accustomed to doing something, to do something on a regular basis, to do something usually or often",V,,auxiliary
rebelde,rebellious,Adj,,
discar, to dial,V,,Latin America
faltar," to be lacking, lack, not have",V,,"intransitive, or transitive with a or de"
súper," superb, great",Adj,,familiar
colar,"to sift, to strain, to filter",V,,
la agenda,"agenda, planner ",N,f,notebook
la serpiente,"snake, serpent ",N,f,legless reptile of the sub-order Serpentes
el camión,lorry ; truck US,N,m,UK
la oportunidad,"opportunity, chance, shot, break, occasion, time ",N,f,"in both senses: “chance for advancement, progress or profit” and “favorable circumstance or occasion”"
desayunar,to break a fast,V,,
la medalla,medal,N,f,
suficientemente,sufficiently,Adv,,
el comisario, inspector,N,m,law enforcement
razonable,reasonable,Adj,,
"solitario, solitaria",lonely,Adj,,
el muro, wall,N,m,physical
la limpieza,cleanliness,N,f,
"presupuesto, presupuesta",estimated,Adj,,
"cambiado, cambiada",changed,Adj,,
"cretino, cretina",affected by cretinism; cretinous,Adj,,
el casino,casino,N,m,
"bello, bella","beautiful, fair",Adj,,
el pico,beak ,N,m,of a bird
ocurrir," to happen, to occur",V,,impersonal
compartir,to share,V,,
la pasa,raisin,N,f,
el show,"show, spectacle",N,m,
duchar,to shower,V,,
la celda,cell,N,f,
la estrategia,strategy,N,f,
"político, política",political,Adj,,
acompañar," to accompany, to go with, to join, to tag along",V,,transitive
el líder,leader ,N,m,"of a group of people, a sports team etc."
el conflicto,conflict,N,m,
el concurso,concourse,N,m,
la paliza," beating, bashing",N,f,Spain
disparar,"to shoot, to fire ",V,,"e.g. a weapon, a rocket"
idiota,idiotic,Adj,,
el guión,Superseded spelling of guion.,N,m,
delante,"in front of, before ",Adv,,spatially
el tema,theme; plot ,N,m,"of a book, film or other media"
la licencia,license,N,f,
sinceramente,"sincerely, honestly",Adv,,
la elección,choice,N,f,
"cómodo, cómoda",comfortable,Adj,,
la pesadilla,nightmare,N,f,
la guerra,"war, warfare",N,f,
el recuerdo,memory,N,m,
honestamente,honestly,Adv,,
total,"total, complete, outright",Adj,,
arrancar, to pull out,V,,transitive
la bendición,blessing,N,f,
la tecnología,technology,N,f,
campar,to stand out,V,,
la destrucción,destruction,N,f,
"gracioso, graciosa","funny, amusing",Adj,,
identificar," to identify, to pinpoint",V,,transitive
encantador,"charming, captivating, enchanting, lovely",Adj,,
mental,mental,Adj,,
el rumor,rumor,N,m,
sorprendente,surprising,Adj,,
el cable,"cable, cord",N,m,
negociar,to negotiate,V,,
la cabina,cabin ,N,f,the passenger area of an airplane
"experto, experta",expert,Adj,,
"espantoso, espantosa","ghastly, gruesome, dreadful, awful, godawful, horrific, horrendous, horrible, terrible",Adj,,
infeliz,unhappy,Adj,,
japonés, of Japan; Japanese,Adj,,relational
centrar,"to focus, to center",V,,
"misterioso, misteriosa",mysterious,Adj,,
la espera,wait,N,f,
la caridad,charity,N,f,
botar,to bounce,V,,
espiar,"to spy, to spy on ",V,,act as a spy
la victoria,victory,N,f,
el lujo,"luxury, extravagance ",N,m,wealthy and comfortable surroundings
el entrenador,trainer,N,m,
combatir,to combat or fight,V,,
el chocolate,chocolate ,N,m,food made from cocoa beans
"automático, automática",automatic,Adj,,
manual,manual ,Adj,,performed by the hands
la locura," madness, craziness",N,f,uncountable
el cuero,leather,N,m,
extremadamente,extremely,Adv,,
el gerente,manager,N,m,
la pirámide,pyramid,N,f,
el testimonio,testimony,N,m,
la milla,English or American mile ,N,f,a unit of distance equivalent to about 1.6 km
el nacimiento, birth the act of being born,N,m,medicine
la cantidad,amount,N,f,
la doctora,female equivalent of doctor: female doctor,N,f,
la sociedad,"society, social order",N,f,
la marina,navy,N,f,
"precioso, preciosa",gorgeous,Adj,,
"furioso, furiosa","furious, raging, relentless",Adj,,
torturar, to torture,V,,transitive
el historial,"record, history ",N,m,"such as a person's criminal, work, or clinical record"
la combinación,combination,N,f,
flotar,to float,V,,
el tenis,tennis,N,m,
quemar, to burn,V,,transitive
acostumbrar," accustom, inure, familiarize",V,,transitive
vomitar,"to vomit, to be sick",V,,
la haya,"beech, beech tree",N,f,
fijar,"to fix, fasten, set, establish, determine",V,,
el pedido,order,N,m,
el cigarrillo,cigarette,N,m,
el símbolo,symbol,N,m,
la lágrima,"tear, teardrop",N,f,
el socio,partner,N,m,
la esencia,essence,N,f,
el priorato,priory,N,m,
el accidente,accident ,N,m,unexpected event with negative consequences
la atención,attention,N,f,
la mami, mommy,N,f,informal
cuando,when,Adv,,
la mercancía,"ware, merchandise",N,f,
el perfil,profile,N,m,
sorprender, to surprise,V,,transitive
el/la vodka,vodka,N,m/f,
el kilo,kilo ,N,m,kilogram
el alquiler,"Argentina, El Salvador, Spain rent a payment made in exchange for something borrowed, and its amount",N,m,"Argentina, El Salvador, Spaina payment made in exchange for something borrowed, and its amount"
el fantasma,"ghost, phantom, wraith",N,m,
el marica,"informal, derogatory poof; fag; faggot homosexual man",N,m,"informal, derogatoryhomosexual man"
el gatillo,trigger ,N,m,of a gun
ensayar,"to rehearse, to practice, to run lines",V,,
admirar,to admire,V,,
amenazar, to threaten,V,,transitive
recoger,"to collect, to gather, to pick up, to fetch, to retrieve ",V,,something previously left behind
el pendejo,pubic hair ,N,m,a single hair growing in the pubic region
sostener,"to hold, to hold up, to prop up, to sustain, to underpin ",V,,physically
el vampiro, vampire,N,m,folklore
directamente,"directly, firsthand",Adv,,
registrar,"to register, record",V,,
la leyenda,"legend, saga, traditional story",N,f,
la exposición,exposition,N,f,
el baile,dance ,N,m,a sequence of rhythmic steps or movements usually performed to music
tender," to tend to, to have a tendency",V,,intransitive
interrumpir,"to interrupt, to barge in, to disrupt, to disturb, to intrude, to cut in, to break in, to butt in",V,,
internar,"transitive, ~ en to send into especially the interior of a country or region",V,,"transitive, ~ enespecially the interior of a country or region"
el maletín,"briefcase, attaché case",N,m,
el/la chofer,chauffeur,N,m/f,
el tribunal,court,N,m,
el disfraz,disguise,N,m,
pescar,to fish,V,,
el balón,ball,N,m,
la espada,sword ,N,f,long-bladed weapon with a hilt
"vacío, vacía","empty, vacant",Adj,,
arruinar, to ruin,V,,transitive
confirmar,to confirm ,V,,accept something
la tropa,"troop, crowd",N,f,
el sobrino,nephew,N,m,
el labio, lip fleshy protrusion around the opening of the mouth,N,m,anatomy
asaltar,"to assault, to assail, to attack",V,,
la administración,administration ,N,f,act of administering government or public affairs
ciertamente,certainly,Adv,,
la señorita,young woman,N,f,
profundamente,"profoundly, deeply",Adv,,
el senador,senator,N,m,
el collar,necklace,N,m,
la prostituta,female equivalent of prostituto,N,f,
convertir, to convert,V,,transitive
la custodia,custody,N,f,
la temperatura,temperature,N,f,
el imperio,empire,N,m,
la baja,"casualty, loss",N,f,
agradable,"agreeable, pleasant",Adj,,
la banda, band al group,N,f,music
"cuerdo, cuerda",sane,Adj,,
"dispositivo, dispositiva","dispositive, regulatory",Adj,,
advertir, to warn,V,,transitive with de or with no preposition
invitar,to invite,V,,
excusar, to excuse,V,,transitive
generador,generating ,Adj,,that generates
despachar," to complete, conclude",V,,transitive
"afortunado, afortunada","lucky, fortunate",Adj,,
"jodido, jodida"," fucking, darned, crappy",Adj,,"Spain, vulgar"
el corredor,"corridor, hall",N,m,
el montón,"heap, pile ",N,m,"collection of things laid in a body, or thrown together so as to form an elevation"
el cráneo,"skull, cranium",N,m,
el nido,nest,N,m,
la garganta, throat,N,f,anatomy
"puto, puta"," fucking, goddamn",Adj,,vulgar
agarrar,to grab or take hold of,V,,
arreglar,"to fix, to repair, to mend",V,,
"equívoco, equívoca",ambiguous; equivocal,Adj,,
"sano, sana","healthy, sound",Adj,,
reinar,to reign; to rule over,V,,
el sistema,system,N,m,
"mago, maga", magician,Adj,,relational
el ascenso,ascent,N,m,
librar," to save, to rescue, to deliver, to preserve",V,,transitive
el presidente,president,N,m,
el presentimiento,"presentiment, foreboding",N,m,
el regalo,"present, gift",N,m,
la bienvenida,"welcome, greeting",N,f,
el petróleo,"petroleum, oil",N,m,
"delicioso, deliciosa","delicious, delectable, luscious",Adj,,
mencionar, to mention,V,,transitive
destruir,to destroy,V,,
"sujeto, sujeta","held, grasped",Adj,,
la boda, wedding,N,f,often in the plural
"raro, rara","rare, strange, odd",Adj,,
comercial,commercial,Adj,,
la rata,rat ,N,f,a medium-sized rodent belonging to the genus Rattus
el caso,case ,N,m,situation or fact
"guerrero, guerrera","bellicose, warlike",Adj,,
el grial,grail,N,m,
la cueva,cave,N,f,
el genio,genius,N,m,
el/la almirante,admiral,N,m/f,
atrever, to embolden,V,,obsolete
"quieto, quieta",calm,Adj,,
el/la piloto,pilot,N,m/f,
el centímetro,centimetre,N,m,
orar, to pray,V,,intransitive
"temprano, temprana",early,Adj,,
el homicidio,homicide; manslaughter,N,m,
bañar, to bathe to clean a person by immersion in water or using water; to give someone a bath,V,,transitive
preferir,to prefer,V,,
equipar, to equip to furnish for service,V,,transitive
la idea,idea,N,f,
la zorra,female equivalent of zorro; vixen; female fox,N,f,
adolescente,adolescent,Adj,,
excepto,except,Prep,,
apuntar," to point, to aim, to take aim a weapon",V,,transitive
la señoría,dominion,N,f,
"magnífico, magnífica",magnificent,Adj,,
la cabaña,"cabin, cottage, hut",N,f,
la dama,"lady, dame",N,f,
el/la rehén,hostage,N,m/f,
el favor,favor/favour,N,m,
linea,inflection of linear:,V,,
el discurso,discourse,N,m,
preocupar," to worry, to concern, to trouble, to be worrisome to, to preoccupy",V,,transitive
"hueco, hueca",hollow,Adj,,
vigilar,to watch over,V,,
aterrizar, to land e.g. an airplane,V,,intransitive
copiar," to copy, to crib",V,,transitive
"entero, entera",whole; entire,Adj,,
la mierda, shit solid excretory product evacuated from the bowels; feces.,N,f,vulgar
la casualidad,"chance, coincidence, happenstance, fluke, accident",N,f,
la corona,crown,N,f,
"desierto, desierta",desert,Adj,,
la muñeca, wrist,N,f,anatomy
volante,flying,Adj,,
el cariño,"affection, fondness",N,m,
procesar,to process,V,,
"romántico, romántica",romantic,Adj,,
breve,"brief, short",Adj,,
"patético, patética",pathetic,Adj,,
decente,decent ,Adj,,showing integrity and moral uprightness
la desgracia,disgrace,N,f,
el período,period ,N,m,a length of time
el correo,mail,N,m,
"aéreo, aérea",aerial,Adj,,
soldar,to weld,V,,
la crema,cream ,N,f,cosmetic product
la fase,"phase, stage",N,f,
recetar, to prescribe,V,,transitive
la posesión,possession,N,f,
merecer,to deserve,V,,
la gracia,"grace, charm",N,f,
figurar,to appear,V,,
la diosa,goddess,N,f,
el portal, portal; porch,N,m,architecture
la función,function,N,f,
la manera,way; manner,N,f,
el whisky,whisky ,N,m,alcoholic liquor
ante,"in front of, before",Prep,,
la conexión,connection ,N,f,the point at which two or more things are connected
el rato,"a while, bit ",N,m,a short period of time
el cáncer,cancer,N,m,
mentir,to lie ,V,,say something untrue
el permiso,permission,N,m,
la tristeza,"sadness, gloom, sorrow, gloominess, unhappiness, misery",N,f,
la diversión,"fun, entertainment, amusement, levity",N,f,
recompensar,to reward,V,,
la punta,"tip, point, end",N,f,
el embajador,ambassador,N,m,
el/la camarada,comrade ,N,m/f,"mate, companion"
el aterrizaje,landing ,N,m,of an airplane
la vega,meadow,N,f,
conectar," to connect, connect up, link",V,,transitive
coser,to sew,V,,
la delta,Greek letter delta,N,f,
adivinar,to guess,V,,
amable,"kind, amiable, gracious",Adj,,
el rock,rock ,N,m,music style
increíble,"incredible, unbelievable",Adj,,
pisar, to step; to walk; to tread,V,,intransitive
despegar," to detach, to remove, to unstick",V,,transitive
"peligroso, peligrosa","perilous, dangerous",Adj,,
lastimar,to injure,V,,
el voto,vote,N,m,
el modo,"way, manner",N,m,
encantar,"to delight, be delighting to, to charm, enchant",V,,
la violación,violation,N,f,
el rango,rank,N,m,
completar, to complete,V,,transitive
el radar,radar,N,m,
freír,to fry,V,,
el cliente,client,N,m,
obrar,"to act, to behave",V,,
el tiro,throw ,N,m,the act of throwing something
plantar,to plant ,V,,put a plant or seeds into the ground
lucir, to shine,V,,intransitive
el porqué,a reason ,N,m,e.g. the reason why something happens
la pistola,"pistol, handgun",N,f,
el prisionero,prisoner,N,m,
la coordenada,coordinate,N,f,
productor,producing,Adj,,
el saludo,"greeting, greetings",N,m,
el coño," pussy, cunt",N,m,"slang, Spain"
la serie,series ,N,f,a number of things that follow one another
disfrutar, to enjoy,V,,"transitive, intransitive"
robar,to rob,V,,
sobrevivir, to survive,V,,intransitive
el masaje,massage,N,m,
la sabiduría,wisdom,N,f,
el crimen,violent crime,N,m,
pelar,to peel ,V,,"fruits, vegetables"
policial," Related to the police, police force",Adj,,Spain
el arreglo,"adjustment, arrangement",N,m,
la ilusión,illusion,N,f,
la grasa,fat or grease used in cooking,N,f,
complicar,to complicate,V,,
el trauma, trauma,N,m,"medicine, psychology"
la risa,"laugh, laughter ",N,f,sound of laughing
armar,to arm ,V,,supply with weapons
citar, to cite,V,,transitive
la opción,option,N,f,
soportar,"to bear, to endure, to withstand, put up with, tolerate, to stomach, to weather, to handle",V,,
"rubio, rubia",blond,Adj,,
retroceder," to back up, to go back, to step back, to move backward, to shrink back",V,,intransitive
la manda,vow,N,f,
el dragón,dragon ,N,m,legendary serpentine creature
la vaca,cow ,N,f,adult female of the species Bos taurus
cerebral,cerebral,Adj,,
desaparecer," to disappear, to go missing, to vanish, to be gone",V,,intransitive
la nube,cloud,N,f,
el concepto,concept,N,m,
disponer," to prepare, arrange",V,,transitive
la pizza,pizza,N,f,
el sexo,gender,N,m,
fascinante,fascinating,Adj,,
"derecho, derecha",straight ,Adj,,not crooked or bent; having a constant direction throughout its length
"maravilloso, maravillosa","wonderful, marvelous",Adj,,
alarmar," to alarm, to alert",V,,transitive
federal,federal,Adj,,
el pedazo,"piece, chunk, hunk, bit, bite ",N,m,a part of a larger whole
potencial,potential,Adj,,
el jazz,jazz,N,m,
la aguja,needle,N,f,
la majestad,majesty,N,f,
el examen,"exam, examination, test",N,m,
el almacén,warehouse,N,m,
el gusano,worm,N,m,
funcionar," to work, to function",V,,intransitive
la bestia,beast,N,f,
el aliento,breath,N,m,
amar,"to love, have great affection for, care about",V,,
ordenar,to order,V,,
"florido, florida","flowery, ornate",Adj,,
"generoso, generosa",generous,Adj,,
la mansión,mansion,N,f,
la gasolina,"petrol, gasoline",N,f,
el balboa,balboa,N,m,
el grano,grain ,N,m,the seed of various grass food crops
"obvio, obvia",obvious,Adj,,
el monje,monk,N,m,
escalar," to scale, to climb",V,,transitive
el ciento,hundred ,N,m,100 units of something
marchar," to go, travel",V,,intransitive
la jefa," equivalent of jefe,  boss",N,f,female
saludable,healthful; healthy,Adj,,
el idioma,language,N,m,
demás,"other, remaining",Adj,,
la patrulla,patrol,N,f,
referir,to report,V,,
espiritual,spiritual,Adj,,
inútil,"useless, pointless",Adj,,
la hemorragia, hemorrhage,N,f,pathology
la habla,speech ,N,f,faculty of speech
el asistente,attendee,N,m,
atrás,behind,Adv,,
la cima,top,N,f,
el misil,missile ,N,m,a self-propelled projectile whose trajectory can be adjusted after it is launched
enfrente,"in front of, across from, opposite, facing",Adv,,
bromear," to joke, to kid to do or say something for amusement",V,,intransitive
el coraje,"courage, bravery, spunk",N,m,
la autopsia,autopsy,N,f,
"ruso, rusa",Russian,Adj,,
el zapato,shoe,N,m,
la agalla,oak apple,N,f,
la hierba,herb,N,f,
lamentar,"to lament, to regret",V,,
estrellar,"to smash, shatter",V,,
traidor,traitorous ,Adj,,characteristic of a traitor
el rancho,ranch,N,m,
el laboratorio,laboratory,N,m,
la flecha,arrow ,N,f,projectile
"indio, india",Indian ,Adj,,from India
quitar," to remove, to take away, to take down, to take off, to pull off, to pull out, to clear, to clear away, to strip, to strip away",V,,transitive
el disparo,shot,N,m,
disculpar," to excuse, forgive, pardon",V,,transitive
el/la guía,guide,N,m/f,
la maría,magpie ,N,f,bird
muelle,"soft, mild",Adj,,
egoísta,egotistic ,Adj,,believing oneself to be superior
engañar,"to trick, to deceive, to hoodwink, to cheat",V,,
fácil,"easy, facile, simple ",Adj,,requiring little effort
plata, argent,Adj,,heraldry
el/la sargento,sergeant,N,m/f,
amante,loving,Adj,,
el cuartel,quarters ,N,m,military lodging
la imaginación,imagination,N,f,
la aventura,adventure,N,f,
la razón,reason,N,f,
"complejo, compleja","complex, sophisticated, intricate ",Adj,,made of multiple parts
planear,"to plan, to plot",V,,
"lento, lenta",slow,Adj,,
el paquete,parcel,N,m,
hartar," to bore, tire, to make fed up",V,,"transitive, informal"
la forma,shape; form; figure,N,f,
concentrar,to concentrate,V,,
la beca,"grant, stipend",N,f,
la rutina,routine,N,f,
transportar,to transport,V,,
la confianza,"confidence, trust",N,f,
"futuro, futura",future ,Adj,,occurring in the future
el evento,event,N,m,
helar," to freeze, to cool",V,,transitive
rentar,to rent,V,,
el sufrimiento,suffering,N,m,
el acuerdo,agreement,N,m,
la selva," forest or jungle, wood, chiefly a rainforest",N,f,forestry
la fianza, suretyship,N,f,law
"sospechoso, sospechosa","suspicious, suspect, fishy, shady, sketchy",Adj,,
el infierno,hell,N,m,
notar, to note make a written record of and/or purposefully commit to memory,V,,transitive
la prioridad,priority,N,f,
la técnica,technique,N,f,
"enano, enana","dwarf, pygmy",Adj,,
avanzar, to advance to make something happen at an earlier time or date,V,,transitive
la velocidad,speed,N,f,
el orgullo,pride ,N,m,"arrogance, haughtiness"
abrazar," to hug, to embrace a person, an animal",V,,transitive
desconocer,"to not be familiar with, to not know, to not recognize",V,,
la opinión,opinion,N,f,
combustible,combustible,Adj,,
perdonar," to pardon, excuse, forgive",V,,transitive
interior,"inner, interior",Adj,,
meter,"to put in, insert",V,,
la broma,"joke, prank, practical joke",N,f,
genial,"genial, pleasant",Adj,,
la amiga,"female equivalent of amigo, friend",N,f,
desafortunadamente,unfortunately; regrettably,Adv,,
la mina,mine ,N,f,excavation from which ore is taken
"estúpido, estúpida",stupid,Adj,,
permanecer," to stay, remain, stand",V,,intransitive
la gafas,eyeglasses,N,f,
el monstruo,"monster, beast, behemoth",N,m,
"doloroso, dolorosa",painful,Adj,,
el tanque,tank ,N,m,military vehicle
corriente,"flowing, running",Adj,,
"honesto, honesta",honest,Adj,,
la salva," salvo, volley",N,f,military
la infección,infection,N,f,
"típico, típica",typical ,Adj,,"characteristically representing something by form, group, idea or type"
intercambiar," to interchange, to exchange",V,,transitive
la respiración,respiration,N,f,
cenar,to dine; to have supper; to have a lavish meal,V,,
la parte,"part, section, portion, share, piece, bit, cut, proportion",N,f,
mate,matte ,Adj,,not reflective of light
el ambo, suit,N,m,"Argentina, Chile, Uruguay"
salvaje,"especially of animals wild, savage untamed, not domesticated",Adj,,"especially of animalsuntamed, not domesticated"
el valle,valley,N,m,
la explicación,explanation,N,f,
el reconocimiento,recognition,N,m,
estelar, star; stellar of or relating to stars,Adj,,relational
la mentira,"lie, trick, falsity",N,f,
el pasaporte,passport,N,m,
manchar," to spot, stain, mark, to smudge",V,,transitive
el boleto,ticket,N,m,
la reacción,reaction,N,f,
el depósito,deposit,N,m,
"pánico, pánica",pertaining to the god Pan,Adj,,
el judas,traitor,N,m,
el alcalde,mayor ,N,m,the leader of a city or a municipality
